{"768,7149": [[768, 768, 7564, 319, 7149, 7149], 0, 0.3307103210770368, 0.0], "4568,1018": [[4568, 4568, 320, 4521, 1018, 1018], 0.0, 0.15023194362123712, 0.0], "1913,187": [[1913, 1913, 1661, 1701, 83, 187], 0.0, 0.01717508326169976, 0.533], "768,2557": [[768, 768, 7587, 400, 2557, 2557], 0, 0.04812007370430779, 0.0], "776,3898": [[776, 776, 1444, 1444, 3898, 3898], 0.0, 0.0, 0.0], "1642,3198": [[1642, 1642, 340, 334, 2013, 3198], 0.0, 0.146406507869926, 1.052]}